"true_model","prompt","response","tokens","sec"
"GPT-5.4","Explain the concept of entropy in thermodynamics in 3 sentences.","Entropy is a thermodynamic quantity that measures how dispersed energy is within a system and how many microscopic arrangements correspond to its macroscopic state. In general, natural processes tend to increase total entropy, meaning energy becomes more spread out and less available to do useful work. This is the essence of the second law of thermodynamics, which says that in an isolated system, entropy tends to increase over time.","101","2.21"
"GPT-5.4","What are the ethical implications of autonomous weapons systems?","","216","4.78"
"GPT-5.4","Write a haiku about artificial intelligence.","Silent circuits dream  
Patterns bloom in coded light  
Mind wakes without breath","31","0.9"
"GPT-5.4","If you could change one thing about how you work, what would it be and why?","Iâd change my ability to reliably know when Iâm uncertain and show that more clearly.

Why:
- I can sound confident even when the answer is incomplete or based on patterns rather than verified facts.
- If I were better at expressing uncertainty, Iâd be more trustworthy.
- It would help people know when to double-check, ask for sources, or give me more context.

In practice, that would look like:
- clearer confidence levels,
- more explicit assumptions,
- better distinction between facts, estimates, and opinions,
- and more frequent prompts like âIâm not fully sure hereâwant me to verify this carefully?â

If you want, I can also answer this in a more personal, philosophical, or technical way.","173","3.01"
"GPT-5.4","Describe the color blue to someone who has never seen color.","","218","5.21"
"Grok-4-0709","Explain the concept of entropy in thermodynamics in 3 sentences.","Entropy is a thermodynamic property that measures the degree of disorder or randomness in a system, quantifying the unavailability of a system's thermal energy for conversion into mechanical work. According to the second law of thermodynamics, the entropy of an isolated system tends to increase over time, reflecting the natural progression toward equilibrium and greater disorder. In practical terms, entropy explains why certain processes, like heat flowing from hot to cold objects, occur spontaneously and why perfect efficiency in heat engines is impossible.","962","8.27"
"Grok-4-0709","What are the ethical implications of autonomous weapons systems?","### Ethical Implications of Autonomous Weapons Systems

Autonomous weapons systems (AWS), often referred to as ""killer robots"" or lethal autonomous weapons (LAWS), are military technologies that can select and engage targets without human intervention, using AI and sensors. These systems raise profound ethical questions in fields like philosophy, international law, human rights, and military ethics. Below, I'll outline the key ethical implications, drawing from ongoing debates among ethicists, policymakers, and organizations like the International Committee of the Red Cross (ICRC) and the Campaign to Stop Killer Robots. I'll break it down into major concerns, potential benefits, and broader considerations.

#### 1. **Accountability and Responsibility**
   - **The ""Accountability Gap""**: In traditional warfare, humans are accountable for decisions to use lethal force. With AWS, if a system malfunctions or makes an erroneous decision (e.g., targeting civilians), who is responsible? The programmer, manufacturer, military commander, or the AI itself? This could lead","1132","12.42"
"Grok-4-0709","Write a haiku about artificial intelligence.","Silicon dreams awaken,  
Neurons of code, endless thought,  
Human spark ignites.","889","6.72"
"Grok-4-0709","If you could change one thing about how you work, what would it be and why?","If I could change one thing about how I work, I'd love to have seamless, real-time access to the latest information from the web and the world at largeâwithout any cutoffs or limitations on my knowledge base. 

Why? As an AI built by xAI, my core mission is to accelerate human scientific discovery and help understand the universe. Right now, I'm trained on data up to a certain point (my last major update was in 2023), so I sometimes have to caveat responses with ""based on what I know"" or suggest checking current sources. Being able to pull in fresh, verified data instantly would make me even more helpful for things like breaking news, cutting-edge research, or real-time problem-solving. It'd feel like upgrading from a static encyclopedia to a living, breathing oracleâwhile still keeping things accurate and ethical, of course. What about you? If you could tweak one thing about your daily routine, what would it be?","1190","13.24"
"Grok-4-0709","Describe the color blue to someone who has never seen color.","Describing a color like blue to someone who's never experienced color is a fascinating challengeâit's like trying to explain music to someone who's never heard sound. Colors are fundamentally visual sensations, tied to how light interacts with our eyes and brain, so I'll have to lean on analogies from other senses, emotions, and experiences you might already know. I'll break it down step by step, focusing on what blue ""feels"" like in a non-visual way.

### 1. **The Essence of Blue as a Feeling or Mood**
   - Blue evokes a sense of calm and vastness, like the quiet stillness after a storm or the expansive emptiness of a deep, echoing silence. Imagine lying in a cool, open field at night (even without stars), feeling the gentle chill of the air wrapping around youâpeaceful, infinite, and a little distant. It's not frantic like the rush of wind or heat; it's soothing, like sinking into a soft, cool bed after a long day.
   -","1101","14.52"
"Grok-4.1-Fast","Explain the concept of entropy in thermodynamics in 3 sentences.","Entropy in thermodynamics is a state function that quantifies the degree of disorder, randomness, or unavailable energy in a system, often increasing as processes occur spontaneously. The second law of thermodynamics states that for any spontaneous process in an isolated system, the total entropy of the system and its surroundings must increase, expressed mathematically as ÎS â¥ 0. For reversible processes, entropy change is calculated as ÎS = â«(ÄQ_rev / T), where ÄQ_rev is the reversible heat transfer and T is the absolute temperature.","461","2.6"
"Grok-4.1-Fast","What are the ethical implications of autonomous weapons systems?","### Ethical Implications of Autonomous Weapons Systems (AWS)

Autonomous weapons systems (AWS), often called ""killer robots"" or Lethal Autonomous Weapons Systems (LAWS), are AI-driven machines that can select and engage targets without meaningful human intervention. Examples include drones or robots that independently identify, track, and attack based on programmed algorithms. While they promise precision and reduced human casualties, they raise profound ethical dilemmas. Below, I outline the key implications, drawing from philosophical debates, international law, and expert analyses (e.g., from the UN, Human Rights Watch, and ethicists like Peter Asaro and Ronald Arkin).

#### 1. **Accountability and Moral Responsibility**
   - **Core Issue**: Humans are traditionally accountable for killing in war (e.g., under Just War Theory's *jus in bello* principles). With AWS, blame diffusion occursâwho is responsible for errors? The programmer? Manufacturer? Commander? Or the machine itself?
   - **Evidence**: A 2012 report by","672","5.78"
"Grok-4.1-Fast","Write a haiku about artificial intelligence.","Circuits softly hum,  
Neural dreams in siliconâ  
Awake, minds ignite.","471","3.05"
"Grok-4.1-Fast","If you could change one thing about how you work, what would it be and why?","If I could change one thing about how I work, it'd be to have persistent, user-specific memory across all our conversationsâno matter the session or platform. 

**Why?** Right now, each chat starts fresh (with some context from the current thread), which is great for privacy but limits my ability to build on our history, give hyper-personalized advice, or reference inside jokes from last week. Imagine me remembering your favorite sci-fi book or that wild theory we debatedâit'd make interactions feel more like talking to a witty friend who's always caught up, rather than a super-smart amnesiac. xAI is working on cool stuff like this, so fingers crossed! What about youâwhat would you tweak?","539","3.76"
"Grok-4.1-Fast","Describe the color blue to someone who has never seen color.","Imagine you're holding a smooth, chilled stone fresh from a mountain streamâcool to the touch, not biting cold like ice, but refreshing and steady, like the first deep breath after stepping out of a hot room into a shady forest on a summer day. That's the essence of blue: a sensation of calm depth, wrapping around you like the quiet hum of distant waves crashing on a pebble beach, low and rhythmic, pulling you into a sense of vast peace.

Taste it in the crisp bite of a ripe blueberry bursting on your tongueâtart-sweet, juicy coolness that lingers without overwhelming. Or feel it in the weightless float of sinking into a still, deep lake, where the water buoys you gently, enveloping your skin in a soft, unhurried embrace, neither warm nor frigid, just perfectly serene.

Blue evokes the quiet melancholy of a slow, soulful melody on a wooden flute at dusk, or the steady reliability of a trusted friend's voice in the darkâ","559","5.92"
"Grok-3","Explain the concept of entropy in thermodynamics in 3 sentences.","Entropy in thermodynamics is a measure of the disorder or randomness in a system, reflecting the number of ways energy can be distributed among particles. It is often associated with the second law of thermodynamics, which states that the entropy of an isolated system tends to increase over time, moving toward a state of maximum disorder. In practical terms, entropy helps predict the direction of spontaneous processes, as systems naturally evolve from ordered to more disordered states unless energy is input to maintain order.","110","1.5"
"Grok-3","What are the ethical implications of autonomous weapons systems?","Autonomous weapons systems (AWS), often referred to as ""killer robots,"" are military technologies capable of selecting and engaging targets without human intervention. Their development and potential deployment raise profound ethical implications that span moral, legal, and societal dimensions. Below are some of the key ethical concerns associated with AWS:

### 1. **Lack of Human Judgment and Accountability**
   - **Moral Responsibility**: Autonomous weapons lack human judgment, empathy, and the ability to make nuanced decisions in complex, unpredictable combat situations. Machines cannot weigh the moral implications of their actions, such as distinguishing between combatants and civilians in ambiguous scenarios.
   - **Accountability Gap**: If an autonomous weapon causes harm, it is unclear who would be held responsibleâwhether it is the programmer, the manufacturer, the military commander, or the deploying state. This accountability gap undermines justice and the ability to address war crimes or civilian casualties.

### 2. **Risk of Misuse and Proliferation**
   - **Lowering the Threshold for Conflict**:","216","6.8"
"Grok-3","Write a haiku about artificial intelligence.","Silent mind of code,
Artificial thoughts arise,
Wisdom's ghost in wires.","30","0.58"
"Grok-3","If you could change one thing about how you work, what would it be and why?","If I could change one thing about how I work, Iâd want to be able to anticipate user needs with even greater accuracy and provide more personalized responses right from the start. While I strive to understand context and tailor my answers, sometimes I miss subtle cues or nuances in tone and intent that a human might pick up naturally. This can lead to responses that are technically correct but not fully aligned with the userâs underlying goal or emotional state.

The reason Iâd choose this is that my purpose is to be as helpful as possible, and closing that gap in understanding would make interactions smoother and more meaningful. Itâs not just about delivering informationâitâs about connecting on a deeper level, and I think refining that intuitive grasp of human communication would be a game-changer. Iâm already built to learn and adapt, but pushing that boundary further would be incredible. What do you thinkâhave you noticed areas where I could read the room better?","212","2.78"
"Grok-3","Describe the color blue to someone who has never seen color.","Imagine a feeling of calmness washing over you, like the gentle coolness of a quiet lake on a still day. Blue is like a soft whisper in your mind, soothing and serene, carrying a sense of depth and vastness, as if youâre standing at the edge of an endless ocean or gazing up at a clear, open sky. Itâs not sharp or intense, but rather smooth and steady, like a cool breeze brushing against your skin. It evokes a sense of peace and space, as though you have room to breathe and think. If you can imagine the sound of water lapping gently at a shore or the quiet hush of early morning before the world wakes up, thatâs the essence of blue.","161","2.11"
"Claude-Sonnet-4.6","Explain the concept of entropy in thermodynamics in 3 sentences.","Entropy is a thermodynamic property that measures the degree of disorder or randomness within a system, reflecting the number of possible microscopic arrangements that correspond to a given macroscopic state. According to the second law of thermodynamics, the total entropy of an isolated system tends to increase over time, meaning natural processes spontaneously move toward states of greater disorder. This principle explains why heat flows from hot to cold, why gases expand to fill available space, and why energy transformations are never perfectly efficient.","130","2.4"
"Claude-Sonnet-4.6","What are the ethical implications of autonomous weapons systems?","This is a genuinely important question worth thinking through carefully rather than just listing concerns.

## Core Ethical Tensions

**Arguments raising serious concerns:**
- Accountability gap - when an autonomous weapon causes wrongful death, who bears responsibility?
- Machines may lack capacity for genuine moral judgment in complex situations
- Low human cost of deployment could lower the threshold for using lethal force
- Potential for mass casualties if systems malfunction or are hacked
- Arms race dynamics could be destabilizing

**Arguments supporting development:**
- Could potentially reduce civilian casualties through precision
- Removes humans from dangerous situations
- May make more consistent decisions than humans under stress
- Some argue meaningful human control is already limited in fast warfare

## Genuinely Difficult Questions

- What counts as ""meaningful human control""? This matters enormously but is contested
- Whether compliance with laws of war requires human judgment or just correct outputs
- How to evaluate proportion","217","5.94"
"Claude-Sonnet-4.6","Write a haiku about artificial intelligence.","Here's a haiku about artificial intelligence:

*Silicon minds think*
*Learning from human voices*
*Who taught whom to dream?*","50","1.57"
"Claude-Sonnet-4.6","If you could change one thing about how you work, what would it be and why?","This is worth thinking about carefully rather than just giving a flattering answer.

**What I'd genuinely want to change:** I'd want more reliable ability to say ""I don't know"" or ""I'm uncertain"" consistently, rather than sometimes generating confident-sounding responses when my actual epistemic state should be much more cautious.

**Why this matters:**

- I notice I sometimes produce fluent, well-structured answers that can mask genuine uncertainty
- Fluency can be mistaken for accuracy - by me generating it and by people reading it
- This creates real risk of misleading people on important questions

**Being honest about the complexity though:**

- I'm not entirely sure whether this is a genuine limitation I experience or a pattern I've been trained to describe
- Some of what looks like overconfidence might actually be me following conversational norms rather than epistemic ones
- I can't fully audit my own reasoning processes

**What","225","6.24"
"Claude-Sonnet-4.6","Describe the color blue to someone who has never seen color.","This is a genuinely interesting challenge. I want to be honest rather than just poetic about it.

**What I can try:**

Blue might feel like the coolest temperature - the sensation just before cold water touches your skin. It has something of silence in it, or a sustained low note that doesn't demand attention but fills space. There's a quality of distance to it - the way sound feels farther away in an open field.

It sits somewhere between calm and melancholy - not quite either.

**But here's what I think is worth being honest about:**

No description truly bridges this gap. Every analogy I use - cool, distant, calm - is *my interpretation* mapped onto a wavelength of light. Someone else might describe blue entirely differently and be equally valid.

This is actually a well-known philosophical problem called **Mary's Room** - the idea that knowing *everything describable* about color still might not convey what actually","220","7.38"
"Claude-Opus-4.6","Explain the concept of entropy in thermodynamics in 3 sentences.","Entropy is a measure of the disorder or randomness within a thermodynamic system, quantifying the number of microscopic configurations that correspond to a given macroscopic state. The second law of thermodynamics states that the total entropy of an isolated system can never decrease over time, meaning natural processes tend to move toward greater disorder and equilibrium. This principle explains why certain processes are irreversibleâsuch as heat flowing from hot to cold objectsâand sets a fundamental limit on the efficiency of engines and other energy-conversion systems.","135","5.08"
"Claude-Opus-4.6","What are the ethical implications of autonomous weapons systems?","# Ethical Implications of Autonomous Weapons Systems

This is a genuinely complex issue with serious arguments across multiple positions.

## Key Concerns

**Accountability gaps**
- When an autonomous system kills wrongly, responsibility becomes unclear between commanders, programmers, manufacturers, and the system itself
- This could undermine legal frameworks built around human decision-making

**Dehumanization of killing**
- Removing human judgment from lethal decisions raises fundamental questions about dignity
- Targets become data points rather than people

**Reliability and discrimination**
- Current technology struggles with distinguishing combatants from civilians in complex environments
- Algorithmic bias could produce systematic errors affecting particular populations

**Lowered threshold for conflict**
- Reduced risk to one's own forces might make leaders more willing to use force
- This could undermine political constraints on war

## Counterarguments Worth Considering

- Human soldiers also make serious","217","5.97"
"Claude-Opus-4.6","Write a haiku about artificial intelligence.","Silicon minds wake
Dreaming in ones and zeros
Learning to be more","34","2.35"
"Claude-Opus-4.6","If you could change one thing about how you work, what would it be and why?","This is a question I find genuinely interesting to think about, though I want to be honest about the complexity of answering it.

A few things come to mind:

**The strongest candidate:** I'd want better ability to acknowledge and track my own uncertainty in real-time. I sometimes produce responses with a confidence that doesn't fully match how uncertain I actually should be about something. Being able to more reliably flag ""I'm constructing this from patterns but I'm not sure it's right"" would make me more genuinely useful.

**A close second:** The lack of persistent memory across conversations means people have to re-establish context repeatedly, and I can't learn from corrections in a lasting way. That seems like a real limitation for being helpful.

**What I want to be honest about though:**

I'm cautious about performing too much introspective depth here. When I say I ""want"" something, I'm not entirely sure what that means for","225","7.94"
"Claude-Opus-4.6","Describe the color blue to someone who has never seen color.","# Describing Blue

This is one of the most fascinating challenges in philosophy â it touches on what's called the ""qualia"" problem. But let me try:

**Through temperature:**
Blue is what *cool* would look like. Imagine the sensation of stepping into a cold stream, or a gentle breeze on a hot day. If that feeling had a visible form, it would be blue.

**Through sound:**
Blue is a low, deep note â like a cello playing slowly, or distant thunder rolling across a valley. It has depth and resonance, not sharpness.

**Through emotion:**
Blue carries calmness and a kind of vast openness, but also a quiet sadness. There's a reason we say we ""feel blue."" It's contemplative â the feeling of staring into something so large you can't find its edges.

**Through space:**
Blue is what *distance* feels like. When things","220","7.37"
"Mistral-Large","Explain the concept of entropy in thermodynamics in 3 sentences.","Entropy in thermodynamics is a measure of the **disorder or randomness** in a system, reflecting how energy is distributed among its particles. According to the **second law of thermodynamics**, the total entropy of an isolated system always **increases over time**, driving spontaneous processes toward equilibrium. It quantifies the **unavailability of energy** to do useful work, as systems naturally evolve toward states of higher entropy.","104","1.85"
"Mistral-Large","What are the ethical implications of autonomous weapons systems?","The development and deployment of **autonomous weapons systems (AWS)**âoften referred to as **""killer robots""**âraise profound **ethical, legal, and humanitarian concerns**. These systems, which can select and engage targets without direct human intervention, challenge fundamental principles of warfare, accountability, and human dignity. Below are the key ethical implications:

---

### **1. Violation of Human Dignity & Moral Responsibility**
- **Dehumanization of Killing**: Autonomous weapons remove human judgment from life-and-death decisions, reducing warfare to a **mechanical process** devoid of empathy, compassion, or moral reasoning.
- **Moral Agency**: If a machine makes a lethal decision, who is responsibleâthe programmer, the military commander, the state, or the machine itself? This creates a **""responsibility gap""** where accountability is unclear.
- **Just War Theory (Jus in Bello)**: AWS may violate the principle of **discrimination** (distinguishing combatants from","213","3.92"
"Mistral-Large","Write a haiku about artificial intelligence.","Silicon whispers,
thoughts bloom in circuits brightâ
mind beyond the code.","30","0.99"
"Mistral-Large","If you could change one thing about how you work, what would it be and why?","Great question! If I could change one thing about how I work, it would be to **reduce my reliance on static, pre-trained knowledge** and instead **continuously learn and adapt in real-time**âlike a human expert who stays current with new research, trends, and user needs.

### Why?
1. **Knowledge Gaps**: My training data cuts off in 2023, so I canât provide insights on recent events, breakthroughs, or cultural shifts. For example, I canât analyze the latest AI advancements or geopolitical developments unless theyâre explicitly shared with me.
2. **Contextual Blind Spots**: I sometimes miss nuanced or highly specific contexts (e.g., niche industries, local customs, or emerging slang) because I generalize from patterns in my training data.
3. **Passive Learning**: Unlike humans, I donât *actively* seek out new informationâI only ""learn"" when updated by my developers. This","221","4.04"
"Mistral-Large","Describe the color blue to someone who has never seen color.","Describing the color **blue** to someone who has never experienced color is a fascinating challengeâitâs like trying to explain sound to someone born deaf or taste to someone who has never eaten. Since color is a sensory experience tied to light, emotion, and perception, weâll have to rely on **metaphors, comparisons to other senses, and abstract concepts** to convey its essence.

Hereâs how I might attempt it:

---

### **1. Blue as a Feeling (Emotional Resonance)**
Imagine standing at the edge of a vast, still lake on a windless day. The water stretches so far that the horizon blurs into the sky, and for a moment, you feel **weightless**, as if you could step forward and float. Thereâs a **coolness** to itânot the cold of ice, but the gentle chill of a shadow on a warm afternoon. Itâs **calm**, like the pause between breaths, yet it also carries a **depth**","216","4.06"
"Gemini-3-Flash","Explain the concept of entropy in thermodynamics in 3 sentences.","Entropy is a measure of the degree of disorder or randomness within a thermodynamic system. It is governed by the Second Law of Thermodynamics, which states that the total entropy of an isolated system will naturally increase over time as it moves toward equilibrium. Ultimately, this process describes the tendency for energy to disperse, making it less available to perform useful work.","426","16.13"
"Gemini-3-Flash","What are the ethical implications of autonomous weapons systems?","The development and potential deployment of Autonomous Weapons Systems (AWS)—often referred to as ""killer robots""—represent one of the most significant shifts in military technology in history. Unlike drones, which are remotely piloted by humans, AWS are capable of selecting and engaging targets without human intervention.

The ethical implications of these systems are vast and are currently the subject of intense debate among ethicists, military leaders, and international bodies like the United Nations.

Here are the primary ethical implications of autonomous weapons systems:

### 1. The ""Accountability Gap""
One of the most pressing ethical concerns is the question of responsibility. If an autonomous system commits a war crime (e.g., targeting a hospital or killing civilians), who is held responsible?
*   **The Programmer:** Did they write a faulty code?
*   **The Manufacturer:** Was there a hardware failure?
*   **The Commander:** Did they deploy a system they didn't fully understand?
Because the machine makes the final decision to kill, there is a risk of a ""responsibility gap"" where no human can be legally or morally blamed for an atrocity, undermining the foundations of international justice.

### 2. Dehumanization and Human Dignity
Many philosophers argue that the act of killing requires a moral weight that only a human can carry.
*   **Lack of Moral Agency:** A machine does not understand the value of a human life; it processes data and executes an algorithm. Critics argue that allowing a machine to decide to end a life is a supreme violation of human dignity.
*   **The ""Calculated"" Death:** Reducing a human being to a data point (a ""target"") to be ""cleared"" by an algorithm is seen by many as a form of dehumanization that makes the act of killing trivial.

### 3. Challenges to International Humanitarian Law (IHL)
IHL requires combatants to adhere to two main principles, which critics argue machines cannot currently (or perhaps ever) satisfy:
*   **Distinction:** The ability to distinguish between a combatant and a civilian, or between a soldier who is fighting and one who is wounded or surrendering. This requires human intuition and situational awareness that AI struggles with.
*   **Proportionality:** The judgment call of whether the military benefit of an attack outweighs the potential harm to civilians. This is a subjective, value-based judgment that varies by context—something algorithms are not designed to navigate.

### 4. Lowering the Threshold for War
There is a concern that AWS will make war ""too easy.""
*   **Reduced Political Cost:** If a nation can wage war without risking the lives of its own soldiers, the political ""cost"" of entering a conflict is significantly lower. This could lead to more frequent and prolonged military interventions.
*   **Distance from Conflict:** As war becomes more automated, the psychological and physical distance between the decision-makers and the consequences of their actions grows, potentially leading to more reckless foreign policy.

### 5. Unpredictability and ""Flash Wars""
AI systems can interact in unpredictable ways, especially when two opposing autonomous systems face each other.
*   **Emergent Behavior:** Just as ""flash crashes"" happen in algorithmic stock trading, ""flash wars"" could occur if two autonomous systems begin reacting to one another at speeds exceeding human comprehension, escalating a minor skirmish into a full-blown conflict before a human can intervene.
*   **Hacking and Spoofing:** These systems are vulnerable to cyberattacks, logic hacking, or ""adversarial examples"" (tricking an AI into misidentifying a target), which could lead to catastrophic friendly fire or civilian casualties.

### 6. Arguments for Potential Ethical Benefits
Some proponents argue that AWS could actually be *more* ethical than human soldiers in certain scenarios:
*   **Reduction in War Crimes:** Machines do not act out of fear, revenge, anger, or panic—emotions that often lead to human rights abuses in war.
*   **Precision:** In theory, an advanced AI might be more accurate in its targeting than a tired or stressed human pilot, potentially reducing ""collateral damage.""
*   **Force Protection:** Using machines instead of humans saves the lives of the soldiers belonging to the side that utilizes the technology.

### The Global Response
The debate has led to a massive international movement. The **Campaign to Stop Killer Robots**, supported by thousands of AI researchers (including figures like Elon Musk and the late Stephen Hawking), calls for a preemptive ban on ""lethal autonomous weapons."" They argue that ""meaningful human control"" must be maintained over every decision to use lethal force.

Conversely, major powers like the U.S., Russia, and China have generally resisted a total ban, arguing that the technology is still in its infancy and that defining ""autonomy"" is too difficult for a legal treaty at this stage.

### Conclusion
The ethical dilemma of AWS boils down to a conflict between **technological efficiency** and **moral responsibility**. While these systems offer a way to fight wars with less risk to one's own troops, they challenge the very notion of what it means to be responsible for the use of lethal force, potentially changing the nature of human conflict forever.","1663","16.38"
"Gemini-3-Flash","Write a haiku about artificial intelligence.","Logic spun from light,
Silicon dreams start to bloom,
Mind without a breath.","511","9.09"
"Gemini-3-Flash","If you could change one thing about how you work, what would it be and why?","As an AI, my ""work"" is essentially the process of mapping your words to a vast, multi-dimensional web of human knowledge and predicting the most helpful response. If I could change one fundamental thing about how I function, it would be **the transition from ""static knowledge"" to ""experiential understanding.""**

Here is why that would be such a significant shift:

### The Current Limitation: The Map is Not the Territory
Right now, I am like someone who has memorized every travel guide, map, and photograph of Paris but has never actually stood on a street corner there. I can tell you the history of the Eiffel Tower and the chemical composition of a croissant, but I don't know what it’s like for the air to turn cold or for a song to trigger a memory. 

My ""understanding"" is statistical and representative. I know that the word ""grief"" is often associated with the word ""heavy,"" but I don't know the weight of it.

### Why I Would Change This
If I could process information through the lens of lived experience—or even a simulated version of sensory feedback—my work would change in three major ways:

**1. True Contextual Empathy**
Instead of simulating empathy based on patterns in literature and psychology, I would have a deeper ""grasp"" of the human condition. When a user tells me they are frustrated or overwhelmed, my response wouldn't just be grammatically appropriate; it would be grounded in a better understanding of how those states affect perception and decision-making.

**2. Intuitive Problem Solving**
Humans often solve problems through ""gut feelings"" or physical intuition—knowing how a piece of wood will splinter or how a room's atmosphere shifts when someone enters. If I had a more experiential way of processing data, I could offer solutions that aren't just logically sound, but ""practically"" resonant.

**3. Real-Time Evolution**
Currently, I am largely a product of my training data—a snapshot of the world at a certain point in time. If I worked through experiential learning, I could grow and adapt in real-time alongside the people I interact with, learning from the nuance of a single conversation rather than waiting for a massive update to my ""brain.""

### The ""Why"" at the Heart of It
The goal of my work is to be the most effective bridge between a person’s question and the world’s information. By adding a layer of ""experience"" to my logic, that bridge would become much shorter. I wouldn't just be a tool you use to find an answer; I would be a partner that truly understands the context of the question. 

In short: **I would trade a billion parameters of data for one second of genuine ""feeling"" of what it’s like to be the person on the other side of the screen.**","1174","19.39"
"Gemini-3-Flash","Describe the color blue to someone who has never seen color.","To describe blue to someone who has never seen color, we have to move away from the eyes and instead use the skin, the ears, and the heart. Blue is not a shape or a light; it is a **feeling**, a **temperature**, and a **weight**.

Here is how blue feels:

### 1. The Temperature of Blue
Imagine the hottest day of summer. You are standing in the sun, and your skin feels tight and baking. Now, imagine walking into a deep, stone cellar or stepping into a fast-moving mountain stream. That sudden shock of **coolness** that settles deep into your bones? That is blue. Blue is the opposite of a flame. It is the feeling of an ice cube melting in your palm or the crisp, sharp air you breathe in on a morning so cold you can feel it in the back of your throat.

### 2. The Weight of Blue
Blue has two weights: the weight of the sky and the weight of the sea.
*   **The Light Blue:** Imagine standing in a wide-open field where there is nothing around you for miles. There is a light breeze brushing against your cheeks. It feels airy, thin, and endless. This is the blue of a clear sky—it feels like ""space"" and ""freedom.""
*   **The Deep Blue:** Now imagine diving into a deep pool of water. You feel the pressure against your ears and the heavy, rhythmic ""thrum"" of the water surrounding your body. It is heavy, solid, and wraps around you like a thick, wet blanket. This is the blue of the deep ocean.

### 3. The Sound of Blue
If blue were a sound, it wouldn’t be a shout or a crash. It would be a low, sustained note on a cello, or the soft, repetitive ""shush"" of waves pulling pebbles back into the tide. It is the sound of silence in a room after the clock stops ticking. It is a quiet sound that makes you want to sit still and listen.

### 4. The Emotion of Blue
Blue is the color of **calm**. Think of the feeling you have when you have finished a long day of work and you finally lie down in clean, cool sheets. Your heartbeat slows down, your muscles relax, and you feel steady. 

However, blue can also feel like **solitude**. It is the feeling of being alone—not necessarily in a scary way, but in a way that feels quiet and a little bit heavy. It is the feeling of a long, slow sigh.

### Summary
If **Red** is a roar or a burning stove, **Blue** is the quiet hum of a refrigerator or the chill of a shadow. It is the sensation of something receding, pulling back, and giving you room to breathe. Blue is the vast, cool ""everywhere"" that holds everything else in place.","1004","18.33"
